{
  "Changes": [
    {
      "Action": "EditData",
      "Target": "Data/Characters",
      "Entries": {
        "Aria": {
          "DisplayName": "Aria",
          "Portrait": "Portraits/Aria",
          "Sprite": "Characters/Aria",
          "Gender": "Female",
          "Age": "Adult",
          "Manner": "Neutral",
          "SocialAnxiety": "Neutral",
          "Optimism": "Neutral",
          "BirthSeason": "spring",
          "BirthDay": 15,
          "HomeRegion": "Town",
          "CanSocialize": true,
          "CanBeRomanced": false,
          "CanReceiveGifts": true,
          "DefaultLocation": "Farm",
          "DefaultPosition": "64 16",
          "LoveInterest": "",
          "Spouse": "",
          "SpriteAnimationFrames": 4,
          "SpriteAnimationPixelOffset": {
            "X": 0,
            "Y": 0
          }
        }
      }
    }
  ]
}